<?xml version="1.0" encoding="UTF-8"?>
<masters>
   <master idx="0" appTimePeriod="1000000" refClockSyncCycles="5">
      <slave idx="0" type="generic" vid="00000a88" pid="0A880002" configPdos="true">
         <dcConf assignActivate="300" sync0Cycle="*1" sync0Shift="0" />
         <sdoConfig idx="2000" subIdx="0">
            <sdoDataRaw data="88 13" />
         </sdoConfig>
         <sdoConfig idx="200D" subIdx="0">
            <sdoDataRaw data="01 00" />
         </sdoConfig>
         <!-- Max motor current (6.0) -->
         <sdoConfig idx="2011" subIdx="0">
            <sdoDataRaw data="01 00" />
         </sdoConfig>
         <!-- Closed loop -->
         <syncManager idx="2" dir="out">
            <pdo idx="1600">
               <pdoEntry idx="6040" subIdx="00" bitLen="16" halPin="cia-controlword" halType="u32" />
               <pdoEntry idx="6060" subIdx="00" bitLen="8" halPin="opmode" halType="s32" />
               <pdoEntry idx="607A" subIdx="00" bitLen="32" halPin="target-position" halType="s32" />
               <pdoEntry idx="60FF" subIdx="00" bitLen="32" halPin="target-velocity" halType="s32"/>
            </pdo>
         </syncManager>
         <syncManager idx="3" dir="in">
            <pdo idx="1a00">
               <pdoEntry idx="6041" subIdx="00" bitLen="16" halPin="cia-statusword" halType="u32" />
               <pdoEntry idx="6061" subIdx="00" bitLen="8" halPin="opmode-display" halType="s32" />
               <pdoEntry idx="6064" subIdx="00" bitLen="32" halPin="actual-position" halType="s32" />
               <pdoEntry idx="606C" subIdx="00" bitLen="32" halPin="actual-velocity" halType="s32"/>
               <pdoEntry idx="6077" subIdx="00" bitLen="32" halPin="actual-torque" halType="s32"/>
            </pdo>
         </syncManager>
      </slave>
      <slave idx="1" type="generic" vid="00000a88" pid="0A880002" configPdos="true">
         <dcConf assignActivate="300" sync0Cycle="*1" sync0Shift="0" />
         <sdoConfig idx="2000" subIdx="0">
            <sdoDataRaw data="88 13" />
         </sdoConfig>
         <!-- Max motor current (6.0) -->
         <sdoConfig idx="2011" subIdx="0">
            <sdoDataRaw data="01 00" />
         </sdoConfig>
         <!-- Closed loop -->
         <syncManager idx="2" dir="out">
            <pdo idx="1600">
               <pdoEntry idx="6040" subIdx="00" bitLen="16" halPin="cia-controlword" halType="u32" />
               <pdoEntry idx="6060" subIdx="00" bitLen="8" halPin="opmode" halType="s32" />
               <pdoEntry idx="607A" subIdx="00" bitLen="32" halPin="target-position" halType="s32" />
               <pdoEntry idx="60FF" subIdx="00" bitLen="32" halPin="target-velocity" halType="s32"/>
            </pdo>
         </syncManager>
         <syncManager idx="3" dir="in">
            <pdo idx="1a00">
               <pdoEntry idx="6041" subIdx="00" bitLen="16" halPin="cia-statusword" halType="u32" />
               <pdoEntry idx="6061" subIdx="00" bitLen="8" halPin="opmode-display" halType="s32" />
               <pdoEntry idx="6064" subIdx="00" bitLen="32" halPin="actual-position" halType="s32" />
               <pdoEntry idx="606C" subIdx="00" bitLen="32" halPin="actual-velocity" halType="s32"/>
               <pdoEntry idx="6077" subIdx="00" bitLen="32" halPin="actual-torque" halType="s32"/>
            </pdo>
         </syncManager>
      </slave>
      <slave idx="2" type="generic" vid="00000a88" pid="0A880001" configPdos="true">
         <dcConf assignActivate="300" sync0Cycle="*1" sync0Shift="0" />
         <sdoConfig idx="2000" subIdx="0">
            <sdoDataRaw data="88 06" />
         </sdoConfig>
         <!-- Max motor current (1.7) -->
         <sdoConfig idx="2011" subIdx="0">
            <sdoDataRaw data="00 00" />
         </sdoConfig>
         <!-- Open loop -->
         <sdoConfig idx="2005" subIdx="1"><sdoDataRaw data ="00"/></sdoConfig>     <!-- Output 1 - out -->
         <sdoConfig idx="2005" subIdx="2"><sdoDataRaw data ="00"/></sdoConfig>     <!-- Output 2 - out -->
         <!--<sdoConfig idx="2006" subIdx="2"><sdoDataRaw data ="03"/></sdoConfig> -->    <!-- Output 2 - out -->
         <sdoConfig idx="2007" subIdx="3"><sdoDataRaw data ="00"/></sdoConfig>     <!-- Input 3 - in -->
         <sdoConfig idx="2007" subIdx="4"><sdoDataRaw data ="00"/></sdoConfig>     <!-- Input 4 - in -->
         <sdoConfig idx="2007" subIdx="5"><sdoDataRaw data ="00"/></sdoConfig>     <!-- Input 5 - in -->
         <sdoConfig idx="2007" subIdx="6"><sdoDataRaw data ="00"/></sdoConfig>     <!-- Input 6 - in -->
         <sdoConfig idx="2008" subIdx="0"><sdoDataRaw data ="3F"/></sdoConfig>     <!-- Input 6 - inv -->
	
         <syncManager idx="2" dir="out">
            <pdo idx="1600">
               <pdoEntry idx="6040" subIdx="00" bitLen="16" halPin="cia-controlword" halType="u32" />
               <pdoEntry idx="6060" subIdx="00" bitLen="8" halPin="opmode" halType="s32" />
               <pdoEntry idx="607A" subIdx="00" bitLen="32" halPin="target-position" halType="s32" />
               <pdoEntry idx="60FF" subIdx="00" bitLen="32" halPin="target-velocity" halType="s32"/>
               <!-- Digtial Outputs (manufacturer's extension ECT86/ECT60)-->
               <pdoEntry idx="60FE" subIdx="01" bitLen="32" halType="complex">
                  <complexEntry bitLen="16"/>
                  <complexEntry bitLen="1" halPin="out-1" halType="bit"/>
                  <complexEntry bitLen="1" halPin="out-2" halType="bit"/>
                  <complexEntry bitLen="14"/>
		         </pdoEntry>
               <pdoEntry idx="60FE" subIdx="02" bitLen="32" halType="complex">
                  <complexEntry bitLen="16"/>
                  <complexEntry bitLen="1" halPin="out-1-en" halType="bit"/>
                  <complexEntry bitLen="1" halPin="out-2-en" halType="bit"/>
                  <complexEntry bitLen="14"/>
		         </pdoEntry>
            </pdo>
         </syncManager>
         <syncManager idx="3" dir="in">
            <pdo idx="1a00">
               <pdoEntry idx="6041" subIdx="00" bitLen="16" halPin="cia-statusword" halType="u32" />
               <pdoEntry idx="6061" subIdx="00" bitLen="8" halPin="opmode-display" halType="s32" />
               <pdoEntry idx="6064" subIdx="00" bitLen="32" halPin="actual-position" halType="s32" />
               <pdoEntry idx="606C" subIdx="00" bitLen="32" halPin="actual-velocity" halType="s32"/>
               <pdoEntry idx="6077" subIdx="00" bitLen="32" halPin="actual-torque" halType="s32"/>
               <!-- <pdoEntry idx="60FD" subIdx="0" bitLen="32" halPin="input-test" halType="u32"/> -->
               <pdoEntry idx="60FD" subIdx="0" bitLen="32" halType="complex">
                  <complexEntry bitLen="18"/>
                  <complexEntry bitLen="1" halPin="y-min" halType="bit"/>
                  <complexEntry bitLen="1" halPin="x-min" halType="bit"/>                
                  <complexEntry bitLen="1" halPin="z-min" halType="bit"/>
                  <complexEntry bitLen="1" halPin="e-stop" halType="bit"/>
                  <complexEntry bitLen="10"/>
               </pdoEntry>  
            </pdo>
         </syncManager>
      </slave>
   </master>
</masters>
